collected_at,tweet_id,file,posted_at,posted_weekday,posted_hour,category,impressions,likes,retweets,replies,quotes,bookmarks,url_link_clicks,profile_clicks,text_excerpt
2026-07-05T19:03:53.937292+09:00,2071428442910847249,20260624_01_JWTのdecodeとverify.md,2026-06-29T12:00:00+09:00,月,12,技術ログ,24,0,0,0,0,0,0,0,JWTで一番ハマる誤解：decodeとverifyは別物。p
2026-07-05T19:03:53.937292+09:00,2071911628753211790,20260624_02_Reactの再レンダリングモデル.md,2026-06-30T20:00:01+09:00,火,20,学習習慣,7,0,0,0,0,0,0,0,Vue/Railsから来てReactで最初に詰まったのは再レ
2026-07-05T19:03:53.937292+09:00,2072107921861673257,20260624_03_新規構築の入口設計.md,2026-07-01T09:00:01+09:00,水,9,技術ログ,16,0,0,0,0,0,0,0,新規構築で何から決めるか迷ったら、まず「入口」を4問で。①何
2026-07-05T19:03:53.937292+09:00,2072666608896479346,20260624_04_タイムスタンプとタイムゾーン.md,2026-07-02T22:00:02+09:00,木,22,技術ログ,27,0,0,0,0,0,0,0,時刻のズレ系バグ、ほぼ「保存と表示の混在」が原因だった。黄金
2026-07-05T19:03:53.937292+09:00,2072968595655786833,20260624_05_他人の本番コードは教材.md,2026-07-03T18:00:01+09:00,金,18,学習習慣,7,0,0,0,0,0,0,0,他人の本番コードを腰を据えて読むのは、本やチュートリアルより
2026-07-12T11:00:59.630382+09:00,2071428442910847249,20260624_01_JWTのdecodeとverify.md,2026-06-29T12:00:00+09:00,月,12,技術ログ,25,0,0,0,0,0,0,0,JWTで一番ハマる誤解：decodeとverifyは別物。p
2026-07-12T11:00:59.630382+09:00,2071911628753211790,20260624_02_Reactの再レンダリングモデル.md,2026-06-30T20:00:01+09:00,火,20,学習習慣,10,0,0,0,0,0,0,0,Vue/Railsから来てReactで最初に詰まったのは再レ
2026-07-12T11:00:59.630382+09:00,2072107921861673257,20260624_03_新規構築の入口設計.md,2026-07-01T09:00:01+09:00,水,9,技術ログ,17,0,0,0,0,0,0,0,新規構築で何から決めるか迷ったら、まず「入口」を4問で。①何
2026-07-12T11:00:59.630382+09:00,2072666608896479346,20260624_04_タイムスタンプとタイムゾーン.md,2026-07-02T22:00:02+09:00,木,22,技術ログ,31,0,0,0,0,0,0,0,時刻のズレ系バグ、ほぼ「保存と表示の混在」が原因だった。黄金
2026-07-12T11:00:59.630382+09:00,2072968595655786833,20260624_05_他人の本番コードは教材.md,2026-07-03T18:00:01+09:00,金,18,学習習慣,20,0,0,0,0,0,0,0,他人の本番コードを腰を据えて読むのは、本やチュートリアルより
2026-07-12T11:00:59.630382+09:00,2073723577539678230,20260624_06_フロントとバック分割の本質.md,2026-07-05T20:00:03+09:00,日,20,技術ログ,30,1,0,0,0,0,0,0,「フロントとバックを分けるのは言語が違うから」だと思っていた
2026-07-12T11:00:59.630382+09:00,2073919857180234144,20260624_07_レイテンシは足し算.md,2026-07-06T09:00:00+09:00,月,9,技術ログ,54,0,0,0,0,0,0,0,レイテンシは1か所じゃなく各ホップの足し算（DNS→TLS→
2026-07-12T11:00:59.630382+09:00,2074327546234081364,20260624_08_認可ロジックの集約.md,2026-07-07T12:00:00+09:00,火,12,技術ログ,45,0,0,0,0,0,0,0,認可チェックを各エンドポイントに「ロールが管理者でなければ4
2026-07-12T11:00:59.630382+09:00,2074840927424655608,20260624_09_型は実行時に消える.md,2026-07-08T22:00:00+09:00,水,22,技術ログ,47,1,0,0,0,0,0,0,TypeScriptの型を「安全」だと思い込むと境界で事故る
2026-07-12T11:00:59.630382+09:00,2075142922488463483,20260624_10_インフラ部品の読み解き方.md,2026-07-09T18:00:01+09:00,木,18,学習習慣,43,1,0,0,0,0,0,0,クラウドの構成図が読めない時、「全部セキュリティ」と一括りに
2026-07-12T11:00:59.630382+09:00,2075535509749940295,20260624_11_サーバーレスのコスト分岐点.md,2026-07-10T20:00:01+09:00,金,20,技術ログ,17,0,0,0,0,0,0,0,「サーバーレスが今っぽい」で選ぶと外すことがある。  従量課
2026-07-12T11:00:59.630382+09:00,2075792196037640284,20260624_12_SPAのキャッシュ戦略.md,2026-07-11T13:00:00+09:00,土,13,技術ログ,9,0,0,0,0,0,0,0,SPAのキャッシュ設計、定石は「ハッシュ付きassetは1年
